{
  "sentence_count": 0.0,
  "avg_word_length": 0.030515139830270464,
  "has_question": 0.0,
  "question_technical": 0.0,
  "technical_design": 0.24740402963632463,
  "code": 0.17395255984685123,
  "architecture": 0.2271681503360822,
  "word_count": 0.0005032555858963117,
  "four_plus": 0.08368806763892184,
  "has_imperative": 0.0,
  "technical_terms": 0.0,
  "multi_step": 0.2311162269177257,
  "requires_context": 0.00026547154714225954,
  "domain_specificity": 0.005279591141520111,
  "ambiguity_score": 0.00010750751926534926
}